{"EL":2.0048599902800195,"N":500000,"UL":1.5137409942337043}